Age,AgeGroup,Sex,Job,Housing,SavingAccounts,CheckingAccount,CreditAmount,Duration,InstallmentRate,Purpose
19,Young,female,1,rent,rich,moderate,983.00,12.00,81.92,furniture/equipment
19,Young,female,2,rent,little,unknown,1980.00,9.00,220.00,furniture/equipment
20,Young,male,2,rent,unknown,rich,3617.00,24.00,150.71,furniture/equipment
20,Young,female,2,rent,little,little,1282.00,12.00,106.83,furniture/equipment
20,Young,female,2,own,rich,moderate,1577.00,11.00,143.36,furniture/equipment
20,Young,male,2,own,moderate,little,674.00,12.00,56.17,radio/TV
20,Young,female,2,rent,unknown,unknown,4675.00,12.00,389.58,car
20,Young,female,2,own,little,moderate,1967.00,24.00,81.96,radio/TV
20,Young,female,2,rent,rich,unknown,3186.00,15.00,212.40,car
20,Young,male,2,own,little,unknown,1313.00,9.00,145.89,furniture/equipment
20,Young,male,2,own,unknown,little,2996.00,24.00,124.83,furniture/equipment
20,Young,male,2,rent,little,moderate,585.00,12.00,48.75,radio/TV
20,Young,female,2,rent,little,little,2039.00,18.00,113.28,furniture/equipment
20,Young,female,1,rent,little,moderate,2718.00,24.00,113.25,car
20,Young,female,2,rent,quite rich,unknown,2221.00,15.00,148.07,furniture/equipment
20,Young,male,3,rent,little,little,1107.00,12.00,92.25,radio/TV
21,Young,female,2,own,moderate,unknown,10144.00,60.00,169.07,radio/TV
21,Young,male,2,rent,moderate,moderate,3031.00,45.00,67.36,radio/TV
21,Young,male,2,rent,little,little,902.00,12.00,75.17,education
21,Young,male,1,own,little,little,6568.00,24.00,273.67,business
21,Young,male,2,rent,little,unknown,1766.00,6.00,294.33,furniture/equipment
21,Young,female,2,rent,unknown,unknown,1126.00,18.00,62.56,radio/TV
21,Young,male,2,rent,little,moderate,2779.00,18.00,154.39,car
21,Young,male,1,own,little,little,1289.00,12.00,107.42,furniture/equipment
21,Young,female,2,rent,moderate,moderate,3441.00,30.00,114.70,furniture/equipment
21,Young,male,2,own,little,unknown,15653.00,60.00,260.88,radio/TV
21,Young,female,2,rent,little,unknown,2570.00,27.00,95.19,car
21,Young,male,1,rent,little,little,1987.00,24.00,82.79,radio/TV
21,Young,female,2,own,unknown,unknown,886.00,12.00,73.83,radio/TV
21,Young,female,2,rent,little,little,1049.00,18.00,58.28,furniture/equipment
22,Young,female,2,own,little,moderate,5951.00,48.00,123.98,radio/TV
22,Young,female,2,own,little,moderate,1567.00,12.00,130.58,radio/TV
22,Young,male,2,own,rich,moderate,1007.00,12.00,83.92,car
22,Young,male,2,own,little,moderate,3832.00,30.00,127.73,furniture/equipment
22,Young,male,2,own,little,little,2462.00,18.00,136.78,furniture/equipment
22,Young,male,2,own,little,unknown,1478.00,9.00,164.22,radio/TV
22,Young,male,2,free,little,little,3149.00,24.00,131.21,furniture/equipment
22,Young,female,2,rent,little,unknown,433.00,18.00,24.06,radio/TV
22,Young,male,1,rent,little,moderate,276.00,9.00,30.67,car
22,Young,female,2,rent,little,little,3650.00,18.00,202.78,furniture/equipment
22,Young,male,2,own,little,moderate,2039.00,24.00,84.96,radio/TV
22,Young,male,2,rent,moderate,moderate,3092.00,24.00,128.83,radio/TV
22,Young,male,2,own,little,moderate,1331.00,12.00,110.92,radio/TV
22,Young,female,1,own,little,little,806.00,15.00,53.73,business
22,Young,male,2,own,quite rich,little,2828.00,24.00,117.83,furniture/equipment
22,Young,female,2,own,moderate,little,741.00,12.00,61.75,domestic appliances
22,Young,female,2,rent,little,little,3632.00,24.00,151.33,car
22,Young,female,2,own,little,unknown,1808.00,18.00,100.44,furniture/equipment
22,Young,female,2,rent,little,little,1858.00,12.00,154.83,furniture/equipment
22,Young,male,2,free,little,little,3973.00,14.00,283.79,car
22,Young,male,2,own,quite rich,little,2483.00,24.00,103.46,furniture/equipment
22,Young,female,2,rent,moderate,unknown,2301.00,9.00,255.67,furniture/equipment
22,Young,female,1,rent,little,unknown,1258.00,12.00,104.83,furniture/equipment
22,Young,female,2,rent,little,little,1366.00,9.00,151.78,radio/TV
22,Young,female,2,own,little,moderate,1670.00,9.00,185.56,radio/TV
22,Young,male,1,own,little,moderate,454.00,6.00,75.67,repairs
22,Young,male,2,own,moderate,moderate,1514.00,15.00,100.93,repairs
23,Young,female,0,rent,quite rich,little,1352.00,6.00,225.33,car
23,Young,female,3,own,little,rich,1961.00,18.00,108.94,car
23,Young,female,1,rent,little,little,6229.00,36.00,173.03,furniture/equipment
23,Young,female,2,rent,little,rich,392.00,15.00,26.13,education
23,Young,female,2,own,quite rich,little,4281.00,33.00,129.73,furniture/equipment
23,Young,female,2,own,little,unknown,2288.00,21.00,108.95,furniture/equipment
23,Young,male,2,own,little,rich,3913.00,36.00,108.69,radio/TV
23,Young,female,2,rent,unknown,little,1200.00,12.00,100.00,education
23,Young,male,0,own,unknown,moderate,14555.00,6.00,2425.83,car
23,Young,female,2,own,moderate,unknown,3812.00,15.00,254.13,car
23,Young,male,2,rent,rich,unknown,3368.00,15.00,224.53,car
23,Young,male,2,rent,little,little,4110.00,24.00,171.25,furniture/equipment
23,Young,female,1,own,little,moderate,2101.00,13.00,161.62,radio/TV
23,Young,male,2,own,little,moderate,882.00,13.00,67.85,radio/TV
23,Young,female,0,rent,quite rich,moderate,3758.00,24.00,156.58,radio/TV
23,Young,female,2,rent,little,unknown,1236.00,9.00,137.33,domestic appliances
23,Young,male,1,own,little,moderate,1246.00,24.00,51.92,car
23,Young,female,2,rent,little,little,2406.00,30.00,80.20,furniture/equipment
23,Young,female,2,rent,little,unknown,2146.00,10.00,214.60,furniture/equipment
23,Young,female,2,rent,unknown,little,8471.00,18.00,470.61,education
23,Young,male,1,rent,quite rich,unknown,660.00,6.00,110.00,repairs
23,Young,female,2,own,little,little,448.00,6.00,74.67,education
23,Young,female,1,own,little,moderate,3573.00,12.00,297.75,radio/TV
23,Young,female,2,rent,little,unknown,7127.00,36.00,197.97,furniture/equipment
23,Young,female,2,own,moderate,unknown,3488.00,24.00,145.33,car
23,Young,male,2,rent,little,moderate,1534.00,12.00,127.83,radio/TV
23,Young,female,2,own,unknown,unknown,996.00,12.00,83.00,repairs
23,Young,female,2,rent,moderate,moderate,1553.00,24.00,64.71,radio/TV
23,Young,female,1,rent,little,little,3234.00,24.00,134.75,furniture/equipment
23,Young,female,2,rent,little,little,1442.00,24.00,60.08,car
23,Young,female,2,own,little,rich,1275.00,10.00,127.50,furniture/equipment
23,Young,male,2,own,unknown,moderate,1444.00,15.00,96.27,radio/TV
23,Young,male,2,rent,little,rich,1297.00,12.00,108.08,radio/TV
23,Young,male,2,own,unknown,little,900.00,12.00,75.00,car
23,Young,female,3,rent,little,moderate,11560.00,24.00,481.67,car
23,Young,male,1,own,little,moderate,1048.00,10.00,104.80,radio/TV
23,Young,female,2,rent,little,little,2511.00,15.00,167.40,car
23,Young,female,1,own,little,little,976.00,18.00,54.22,car
23,Young,female,1,rent,moderate,moderate,841.00,12.00,70.08,business
23,Young,female,1,own,moderate,moderate,836.00,12.00,69.67,car
23,Young,female,2,rent,little,little,1216.00,18.00,67.56,car
23,Young,female,1,rent,little,unknown,601.00,4.00,150.25,furniture/equipment
23,Young,female,2,own,little,unknown,1943.00,18.00,107.94,repairs
23,Young,male,2,own,little,moderate,15672.00,48.00,326.50,business
23,Young,female,2,own,little,little,1498.00,12.00,124.83,radio/TV
23,Young,male,1,own,quite rich,moderate,2520.00,27.00,93.33,radio/TV
23,Young,male,1,rent,unknown,little,1936.00,18.00,107.56,radio/TV
23,Young,male,2,free,little,little,1845.00,45.00,41.00,radio/TV
24,Young,female,2,rent,little,little,4308.00,48.00,89.75,business
24,Young,male,2,own,little,moderate,458.00,9.00,50.89,radio/TV
24,Young,male,2,rent,moderate,little,6187.00,30.00,206.23,car
24,Young,female,1,rent,moderate,unknown,1568.00,18.00,87.11,business
24,Young,male,2,rent,little,moderate,2323.00,36.00,64.53,radio/TV
24,Young,female,2,own,little,unknown,932.00,6.00,155.33,radio/TV
24,Young,male,1,rent,little,unknown,1768.00,12.00,147.33,furniture/equipment
24,Young,female,2,own,unknown,moderate,8487.00,48.00,176.81,car
24,Young,male,2,own,little,rich,5848.00,36.00,162.44,radio/TV
24,Young,male,1,rent,little,little,3021.00,24.00,125.88,furniture/equipment
24,Young,male,2,free,little,little,4605.00,48.00,95.94,car
24,Young,female,2,own,little,moderate,2150.00,30.00,71.67,car
24,Young,male,2,own,unknown,moderate,2030.00,9.00,225.56,furniture/equipment
24,Young,female,1,rent,unknown,unknown,4811.00,30.00,160.37,car
24,Young,female,2,own,little,moderate,1237.00,8.00,154.63,furniture/equipment
24,Young,female,3,own,moderate,moderate,7408.00,60.00,123.47,car
24,Young,female,1,rent,moderate,unknown,11590.00,48.00,241.46,car
24,Young,female,2,rent,unknown,little,1275.00,15.00,85.00,domestic appliances
24,Young,female,2,free,little,moderate,5743.00,24.00,239.29,education
24,Young,male,2,own,quite rich,unknown,2569.00,39.00,65.87,car
24,Young,female,2,rent,little,little,1207.00,24.00,50.29,car
24,Young,female,2,own,little,little,3190.00,18.00,177.22,radio/TV
24,Young,female,1,own,little,little,626.00,12.00,52.17,radio/TV
24,Young,male,1,rent,little,little,1546.00,24.00,64.42,radio/TV
24,Young,female,2,own,little,unknown,2788.00,15.00,185.87,furniture/equipment
24,Young,male,2,own,quite rich,unknown,2080.00,6.00,346.67,car
24,Young,male,2,own,moderate,moderate,5595.00,72.00,77.71,radio/TV
24,Young,male,2,own,little,unknown,1800.00,18.00,100.00,radio/TV
24,Young,male,2,own,moderate,moderate,6560.00,48.00,136.67,car
24,Young,female,2,rent,rich,moderate,433.00,6.00,72.17,education
24,Young,female,1,own,little,little,1228.00,12.00,102.33,car
24,Young,female,2,rent,little,little,2124.00,18.00,118.00,furniture/equipment
24,Young,male,1,own,little,little,2214.00,12.00,184.50,radio/TV
24,Young,female,2,own,little,little,4272.00,20.00,213.60,furniture/equipment
24,Young,female,0,rent,unknown,moderate,7472.00,12.00,622.67,car
24,Young,male,2,own,little,little,9271.00,36.00,257.53,car
24,Young,male,2,own,little,little,9629.00,36.00,267.47,car
24,Young,female,2,rent,little,unknown,1554.00,6.00,259.00,radio/TV
24,Young,male,2,own,little,rich,3016.00,12.00,251.33,radio/TV
24,Young,female,2,rent,little,little,652.00,12.00,54.33,furniture/equipment
24,Young,female,2,own,unknown,unknown,874.00,15.00,58.27,domestic appliances
24,Young,male,1,own,unknown,little,3763.00,21.00,179.19,car
24,Young,male,1,own,little,little,1747.00,24.00,72.79,furniture/equipment
24,Young,male,2,own,little,little,2145.00,36.00,59.58,business
25,Young,female,2,rent,little,moderate,1295.00,12.00,107.92,car
25,Young,male,2,own,unknown,little,8072.00,30.00,269.07,business
25,Young,male,1,own,little,moderate,4746.00,45.00,105.47,radio/TV
25,Young,male,2,own,little,unknown,1262.00,12.00,105.17,radio/TV
25,Young,male,2,own,little,moderate,14421.00,48.00,300.44,business
25,Young,female,2,own,unknown,unknown,2394.00,36.00,66.50,radio/TV
25,Young,female,2,own,little,unknown,7855.00,36.00,218.19,car
25,Young,female,2,own,little,little,1835.00,21.00,87.38,radio/TV
25,Young,female,2,rent,little,unknown,3972.00,24.00,165.50,furniture/equipment
25,Young,male,1,own,little,moderate,866.00,18.00,48.11,radio/TV
25,Young,male,2,own,little,unknown,1258.00,24.00,52.42,business
25,Young,male,2,own,unknown,unknown,999.00,24.00,41.63,radio/TV
25,Young,male,2,own,moderate,unknown,5511.00,24.00,229.63,furniture/equipment
25,Young,male,1,own,little,moderate,685.00,12.00,57.08,car
25,Young,male,2,rent,quite rich,moderate,3213.00,18.00,178.50,radio/TV
25,Young,male,0,own,little,little,2473.00,18.00,137.39,furniture/equipment
25,Young,female,2,rent,unknown,unknown,1283.00,22.00,58.32,car
25,Young,female,2,own,little,unknown,2238.00,18.00,124.33,radio/TV
25,Young,female,2,own,unknown,moderate,2762.00,12.00,230.17,furniture/equipment
25,Young,male,2,own,little,little,2136.00,9.00,237.33,furniture/equipment
25,Young,male,2,own,unknown,moderate,1484.00,12.00,123.67,radio/TV
25,Young,male,2,own,little,rich,5152.00,24.00,214.67,radio/TV
25,Young,male,2,own,unknown,unknown,3105.00,24.00,129.38,radio/TV
25,Young,female,1,own,little,moderate,1355.00,24.00,56.46,car
25,Young,male,2,own,little,little,975.00,15.00,65.00,furniture/equipment
25,Young,female,1,own,moderate,moderate,2631.00,15.00,175.40,repairs
25,Young,female,2,rent,little,moderate,2969.00,12.00,247.42,furniture/equipment
25,Young,female,2,own,little,moderate,1206.00,9.00,134.00,radio/TV
25,Young,male,1,own,little,little,1138.00,9.00,126.44,radio/TV
25,Young,female,2,rent,little,little,1882.00,18.00,104.56,radio/TV
25,Young,female,2,own,little,unknown,5771.00,30.00,192.37,radio/TV
25,Young,female,3,own,little,little,8065.00,36.00,224.03,education
25,Young,female,2,rent,unknown,little,1371.00,24.00,57.13,car
25,Young,female,2,own,little,little,3509.00,18.00,194.94,radio/TV
25,Young,male,2,own,little,moderate,4933.00,39.00,126.49,radio/TV
25,Young,female,1,own,little,rich,2327.00,15.00,155.13,radio/TV
25,Young,male,1,rent,little,unknown,2210.00,10.00,221.00,furniture/equipment
25,Young,female,1,own,little,moderate,4736.00,24.00,197.33,furniture/equipment
25,Young,female,2,own,unknown,moderate,2991.00,30.00,99.70,radio/TV
25,Young,male,2,rent,moderate,moderate,1264.00,15.00,84.27,car
25,Young,female,2,rent,little,little,1433.00,15.00,95.53,furniture/equipment
26,Young,male,2,own,unknown,unknown,2069.00,10.00,206.90,furniture/equipment
26,Young,male,2,own,quite rich,moderate,1158.00,12.00,96.50,radio/TV
26,Young,male,1,own,unknown,unknown,783.00,6.00,130.50,car
26,Young,female,2,own,little,unknown,3181.00,24.00,132.54,radio/TV
26,Young,male,2,rent,unknown,unknown,2445.00,12.00,203.75,car
26,Young,female,2,own,little,unknown,763.00,12.00,63.58,furniture/equipment
26,Young,male,2,own,little,little,3414.00,21.00,162.57,education
26,Young,male,2,own,little,unknown,5117.00,27.00,189.52,business
26,Young,male,2,own,little,moderate,1424.00,12.00,118.67,domestic appliances
26,Young,male,1,own,little,moderate,625.00,12.00,52.08,radio/TV
26,Young,male,2,own,little,rich,4210.00,36.00,116.94,radio/TV
26,Young,male,2,own,little,rich,1925.00,24.00,80.21,furniture/equipment
26,Young,female,2,own,little,unknown,2404.00,18.00,133.56,radio/TV
26,Young,male,2,own,little,little,4788.00,48.00,99.75,car
26,Young,male,2,own,little,unknown,1076.00,12.00,89.67,business
26,Young,female,2,own,little,moderate,9960.00,48.00,207.50,furniture/equipment
26,Young,female,2,own,little,rich,3749.00,24.00,156.21,furniture/equipment
26,Young,female,1,rent,little,little,3599.00,21.00,171.38,furniture/equipment
26,Young,male,3,own,little,unknown,4463.00,36.00,123.97,radio/TV
26,Young,male,2,own,little,rich,1330.00,12.00,110.83,car
26,Young,male,1,own,moderate,unknown,4272.00,30.00,142.40,business
26,Young,male,3,own,quite rich,unknown,3235.00,24.00,134.79,radio/TV
26,Young,female,0,own,little,rich,609.00,12.00,50.75,business
26,Young,female,2,own,little,unknown,2764.00,33.00,83.76,business
26,Young,female,2,rent,little,little,3114.00,18.00,173.00,furniture/equipment
26,Young,male,2,own,little,moderate,1201.00,24.00,50.04,car
26,Young,male,2,rent,little,unknown,3518.00,6.00,586.33,car
26,Young,male,2,own,little,unknown,1934.00,12.00,161.17,radio/TV
26,Young,male,2,own,little,little,759.00,12.00,63.25,car
26,Young,male,2,rent,little,rich,2687.00,15.00,179.13,business
26,Young,female,1,own,little,moderate,1113.00,18.00,61.83,radio/TV
26,Young,male,2,own,moderate,unknown,1311.00,24.00,54.63,radio/TV
26,Young,female,3,rent,unknown,unknown,5433.00,24.00,226.38,car
26,Young,female,2,rent,little,unknown,1388.00,9.00,154.22,furniture/equipment
26,Young,male,2,own,little,little,4370.00,42.00,104.05,radio/TV
26,Young,female,2,own,quite rich,unknown,1386.00,12.00,115.50,car
26,Young,female,3,rent,little,unknown,4530.00,30.00,151.00,radio/TV
26,Young,female,2,own,little,unknown,1453.00,18.00,80.72,radio/TV
26,Young,female,1,rent,moderate,moderate,4280.00,30.00,142.67,business
26,Young,male,2,own,unknown,unknown,5248.00,21.00,249.90,car
26,Young,female,2,rent,unknown,little,2812.00,24.00,117.17,car
26,Young,male,1,own,little,moderate,590.00,6.00,98.33,radio/TV
26,Young,female,0,rent,little,moderate,1778.00,15.00,118.53,car
26,Young,male,2,own,little,moderate,907.00,8.00,113.38,business
26,Young,male,2,own,little,little,1345.00,18.00,74.72,radio/TV
26,Young,male,2,rent,moderate,unknown,3577.00,9.00,397.44,car
26,Young,male,2,own,moderate,little,1382.00,24.00,57.58,business
26,Young,female,3,own,little,unknown,10974.00,36.00,304.83,furniture/equipment
26,Young,female,2,own,unknown,moderate,1715.00,30.00,57.17,radio/TV
26,Young,male,2,own,little,little,8229.00,36.00,228.58,car
27,Young,male,2,own,little,little,4020.00,24.00,167.50,furniture/equipment
27,Young,male,2,own,little,moderate,1391.00,9.00,154.56,business
27,Young,female,2,own,little,moderate,1295.00,18.00,71.94,furniture/equipment
27,Young,female,2,rent,unknown,little,2132.00,10.00,213.20,furniture/equipment
27,Young,female,2,rent,unknown,moderate,1924.00,18.00,106.89,furniture/equipment
27,Young,male,1,own,little,unknown,2708.00,15.00,180.53,furniture/equipment
27,Young,male,2,own,rich,unknown,8613.00,27.00,319.00,car
27,Young,male,0,own,rich,rich,709.00,6.00,118.17,car
27,Young,male,3,own,little,little,3416.00,27.00,126.52,radio/TV
27,Young,female,2,rent,moderate,moderate,951.00,12.00,79.25,furniture/equipment
27,Young,male,1,own,little,little,1168.00,12.00,97.33,car
27,Young,male,2,own,little,unknown,2613.00,36.00,72.58,repairs
27,Young,male,2,own,rich,moderate,10961.00,48.00,228.35,radio/TV
27,Young,female,2,own,little,unknown,1185.00,12.00,98.75,business
27,Young,male,1,own,unknown,moderate,7418.00,60.00,123.63,radio/TV
27,Young,male,2,own,little,little,1657.00,12.00,138.08,furniture/equipment
27,Young,female,1,own,little,little,3643.00,15.00,242.87,furniture/equipment
27,Young,male,2,own,little,unknown,3850.00,18.00,213.89,car
27,Young,male,2,own,quite rich,moderate,2326.00,15.00,155.07,business
27,Young,female,2,own,little,unknown,1449.00,9.00,161.00,business
27,Young,male,2,own,little,unknown,8648.00,24.00,360.33,business
27,Young,male,1,own,little,unknown,802.00,14.00,57.29,car
27,Young,male,2,own,little,little,1053.00,15.00,70.20,radio/TV
27,Young,female,2,own,little,little,343.00,6.00,57.17,domestic appliances
27,Young,female,2,own,moderate,unknown,1237.00,6.00,206.17,radio/TV
27,Young,female,2,own,little,little,3123.00,24.00,130.13,car
27,Young,male,1,own,unknown,unknown,1309.00,10.00,130.90,car
27,Young,male,2,own,moderate,moderate,1995.00,12.00,166.25,car
27,Young,male,2,own,little,little,3552.00,24.00,148.00,furniture/equipment
27,Young,male,1,own,little,moderate,1082.00,9.00,120.22,radio/TV
27,Young,female,2,own,little,moderate,2930.00,12.00,244.17,radio/TV
27,Young,male,2,own,little,moderate,2820.00,36.00,78.33,car
27,Young,male,1,own,little,unknown,937.00,24.00,39.04,education
27,Young,male,3,free,unknown,moderate,9157.00,60.00,152.62,radio/TV
27,Young,male,2,own,little,moderate,3652.00,21.00,173.90,business
27,Young,female,0,own,little,little,750.00,18.00,41.67,education
27,Young,male,2,rent,unknown,unknown,7980.00,36.00,221.67,business
27,Young,male,3,own,little,unknown,6314.00,24.00,263.08,vacation/others
27,Young,female,2,own,little,unknown,3609.00,48.00,75.19,business
27,Young,male,1,own,moderate,unknown,4139.00,24.00,172.46,business
27,Young,male,2,own,unknown,rich,1347.00,10.00,134.70,radio/TV
27,Young,male,3,own,little,moderate,14027.00,60.00,233.78,car
27,Young,male,2,own,moderate,unknown,2463.00,24.00,102.63,car
27,Young,male,2,own,little,little,5998.00,40.00,149.95,education
27,Young,male,2,own,unknown,unknown,1221.00,6.00,203.50,furniture/equipment
27,Young,male,2,own,little,unknown,1101.00,12.00,91.75,car
27,Young,male,2,own,rich,unknown,5804.00,24.00,241.83,car
27,Young,female,2,own,little,little,2389.00,18.00,132.72,radio/TV
27,Young,male,3,free,little,little,1422.00,9.00,158.00,car
27,Young,male,2,own,unknown,moderate,3711.00,36.00,103.08,education
27,Young,male,2,own,moderate,moderate,4576.00,45.00,101.69,car
28,Young,male,3,own,little,moderate,5234.00,30.00,174.47,car
28,Young,female,2,rent,little,little,1403.00,15.00,93.53,car
28,Young,female,2,own,moderate,unknown,2073.00,12.00,172.75,radio/TV
28,Young,male,2,own,little,little,1108.00,12.00,92.33,repairs
28,Young,male,1,rent,little,moderate,6260.00,18.00,347.78,car
28,Young,male,2,own,little,little,5371.00,36.00,149.19,furniture/equipment
28,Young,male,2,own,little,unknown,9572.00,36.00,265.89,business
28,Young,female,2,own,little,unknown,1382.00,6.00,230.33,radio/TV
28,Young,male,2,own,little,moderate,3060.00,48.00,63.75,radio/TV
28,Young,male,3,rent,little,moderate,9398.00,36.00,261.06,car
28,Young,male,3,own,little,moderate,4249.00,30.00,141.63,car
28,Young,male,2,own,rich,little,2659.00,18.00,147.72,furniture/equipment
28,Young,male,2,own,little,moderate,1068.00,6.00,178.00,radio/TV
28,Young,male,2,own,little,little,4169.00,24.00,173.71,furniture/equipment
28,Young,male,2,rent,little,little,6199.00,12.00,516.58,radio/TV
28,Young,male,2,own,little,unknown,776.00,12.00,64.67,radio/TV
28,Young,male,2,own,unknown,moderate,1887.00,18.00,104.83,business
28,Young,male,2,own,quite rich,rich,939.00,12.00,78.25,car
28,Young,male,1,own,little,little,654.00,9.00,72.67,car
28,Young,male,2,own,moderate,rich,1323.00,6.00,220.50,car
28,Young,male,2,own,little,unknown,1413.00,24.00,58.88,radio/TV
28,Young,female,2,rent,moderate,moderate,2631.00,15.00,175.40,car
28,Young,female,2,own,moderate,moderate,2278.00,18.00,126.56,car
28,Young,female,3,own,little,unknown,3349.00,36.00,93.03,furniture/equipment
28,Young,female,2,own,little,little,3660.00,24.00,152.50,radio/TV
28,Young,female,2,own,quite rich,unknown,1376.00,24.00,57.33,radio/TV
28,Young,female,2,own,little,moderate,4221.00,30.00,140.70,business
28,Young,male,2,own,little,unknown,2284.00,24.00,95.17,radio/TV
28,Young,female,2,rent,rich,unknown,2603.00,24.00,108.46,car
28,Young,male,1,own,little,little,1797.00,13.00,138.23,business
28,Young,male,2,rent,little,moderate,3617.00,12.00,301.42,furniture/equipment
28,Young,male,1,own,little,moderate,484.00,6.00,80.67,radio/TV
28,Young,male,1,own,little,unknown,2993.00,21.00,142.52,car
28,Young,male,2,own,little,unknown,1249.00,24.00,52.04,car
28,Young,male,2,free,little,unknown,3343.00,15.00,222.87,furniture/equipment
28,Young,male,2,own,little,unknown,2169.00,18.00,120.50,business
28,Young,male,2,own,little,unknown,3595.00,36.00,99.86,radio/TV
28,Young,female,3,rent,little,little,2606.00,21.00,124.10,radio/TV
28,Young,male,2,own,rich,unknown,2142.00,11.00,194.73,business
28,Young,female,2,own,little,unknown,1817.00,18.00,100.94,furniture/equipment
28,Young,female,1,own,little,rich,745.00,9.00,82.78,radio/TV
28,Young,female,2,rent,quite rich,moderate,4113.00,24.00,171.38,car
28,Young,female,3,own,moderate,rich,2923.00,21.00,139.19,car
29,Young,male,1,own,unknown,moderate,2333.00,24.00,97.21,furniture/equipment
29,Young,female,2,own,little,unknown,2171.00,12.00,180.92,radio/TV
29,Young,female,3,own,little,unknown,1412.00,12.00,117.67,business
29,Young,female,2,own,little,little,3499.00,12.00,291.58,car
29,Young,male,2,own,little,little,6887.00,36.00,191.31,education
29,Young,female,2,rent,rich,moderate,7758.00,24.00,323.25,car
29,Young,male,2,rent,little,unknown,2108.00,6.00,351.33,radio/TV
29,Young,female,2,own,unknown,little,915.00,24.00,38.13,car
29,Young,male,2,free,little,little,2149.00,12.00,179.08,radio/TV
29,Young,male,3,rent,moderate,unknown,1901.00,24.00,79.21,radio/TV
29,Young,male,1,own,unknown,rich,1494.00,4.00,373.50,car
29,Young,female,2,own,little,moderate,959.00,9.00,106.56,furniture/equipment
29,Young,male,2,own,little,unknown,2743.00,28.00,97.96,radio/TV
29,Young,male,3,own,little,moderate,11328.00,24.00,472.00,vacation/others
29,Young,male,2,own,little,moderate,2629.00,20.00,131.45,vacation/others
29,Young,female,2,own,little,unknown,518.00,6.00,86.33,radio/TV
29,Young,female,3,own,little,unknown,2679.00,24.00,111.63,car
29,Young,female,1,rent,little,little,1659.00,24.00,69.13,radio/TV
29,Young,male,3,rent,moderate,moderate,9034.00,36.00,250.94,furniture/equipment
29,Young,female,2,own,unknown,unknown,5003.00,21.00,238.24,car
29,Young,female,2,own,little,rich,683.00,6.00,113.83,radio/TV
29,Young,female,2,own,rich,little,3357.00,21.00,159.86,radio/TV
29,Young,male,2,own,moderate,moderate,1437.00,9.00,159.67,car
29,Young,male,2,own,moderate,moderate,2896.00,24.00,120.67,radio/TV
29,Young,male,2,own,little,moderate,1103.00,12.00,91.92,radio/TV
29,Young,female,1,rent,quite rich,unknown,1123.00,12.00,93.58,furniture/equipment
29,Young,female,0,own,unknown,moderate,3990.00,36.00,110.83,domestic appliances
29,Young,male,2,rent,little,little,11816.00,45.00,262.58,business
29,Young,male,2,own,little,little,5179.00,36.00,143.86,furniture/equipment
29,Young,female,2,own,little,little,3959.00,15.00,263.93,car
29,Young,male,1,own,little,little,3590.00,12.00,299.17,furniture/equipment
29,Young,male,2,own,unknown,unknown,1169.00,18.00,64.94,radio/TV
29,Young,female,2,own,little,little,1893.00,12.00,157.75,car
29,Young,male,2,own,unknown,unknown,3556.00,15.00,237.07,car
29,Young,male,2,rent,unknown,unknown,7166.00,42.00,170.62,radio/TV
29,Young,female,0,rent,little,little,1193.00,24.00,49.71,car
29,Young,male,3,free,little,little,6579.00,24.00,274.13,car
30,Young,male,2,own,moderate,moderate,5866.00,18.00,325.89,car
30,Young,male,3,own,quite rich,unknown,2333.00,30.00,77.77,radio/TV
30,Young,male,3,own,little,moderate,5965.00,27.00,220.93,car
30,Young,female,2,own,little,unknown,8133.00,36.00,225.92,car
30,Young,male,3,own,moderate,little,2249.00,18.00,124.94,car
30,Young,female,2,own,unknown,little,7721.00,24.00,321.71,furniture/equipment
30,Young,female,3,own,unknown,little,7174.00,42.00,170.81,radio/TV
30,Young,male,2,own,little,little,2121.00,12.00,176.75,car
30,Young,male,2,own,little,moderate,639.00,12.00,53.25,repairs
30,Young,female,3,own,little,moderate,4795.00,36.00,133.19,radio/TV
30,Young,male,2,own,moderate,moderate,3566.00,48.00,74.29,business
30,Young,female,2,own,little,unknown,1055.00,18.00,58.61,car
30,Young,male,3,own,little,moderate,4455.00,36.00,123.75,business
30,Young,male,2,own,little,unknown,707.00,12.00,58.92,radio/TV
30,Young,male,2,own,little,unknown,4657.00,15.00,310.47,car
30,Young,male,3,own,little,little,1823.00,24.00,75.96,radio/TV
30,Young,female,2,own,moderate,unknown,1864.00,18.00,103.56,education
30,Young,male,3,own,little,unknown,1820.00,18.00,101.11,car
30,Young,male,2,own,unknown,moderate,2028.00,12.00,169.00,car
30,Young,female,2,own,little,little,1620.00,12.00,135.00,furniture/equipment
30,Young,female,3,own,little,moderate,5096.00,48.00,106.17,furniture/equipment
30,Young,male,3,own,unknown,unknown,11054.00,36.00,307.06,car
30,Young,female,2,own,rich,unknown,960.00,15.00,64.00,furniture/equipment
30,Young,male,2,own,little,moderate,7966.00,26.00,306.38,car
30,Young,male,2,own,little,moderate,1056.00,18.00,58.67,car
30,Young,female,2,own,little,moderate,918.00,9.00,102.00,furniture/equipment
30,Young,male,2,free,moderate,moderate,2862.00,36.00,79.50,car
30,Young,male,3,own,unknown,little,14179.00,39.00,363.56,furniture/equipment
30,Young,male,3,free,unknown,unknown,12680.00,21.00,603.81,car
30,Young,male,2,own,little,little,1602.00,21.00,76.29,car
30,Young,male,2,rent,little,moderate,2002.00,12.00,166.83,car
30,Young,male,2,own,little,unknown,1224.00,9.00,136.00,car
30,Young,male,3,own,moderate,moderate,1919.00,30.00,63.97,radio/TV
30,Young,male,3,rent,little,moderate,2063.00,6.00,343.83,radio/TV
30,Young,female,2,own,quite rich,moderate,8358.00,48.00,174.13,car
30,Young,male,2,free,quite rich,little,3349.00,24.00,139.54,furniture/equipment
30,Young,male,2,free,moderate,moderate,3069.00,24.00,127.88,furniture/equipment
30,Young,male,2,rent,little,unknown,1740.00,6.00,290.00,radio/TV
30,Young,male,1,own,little,unknown,2028.00,24.00,84.50,furniture/equipment
30,Young,male,3,own,little,little,3959.00,36.00,109.97,furniture/equipment
31,Middle-aged,male,2,own,quite rich,unknown,3430.00,24.00,142.92,radio/TV
31,Middle-aged,male,2,free,little,unknown,6110.00,48.00,127.29,education
31,Middle-aged,male,2,own,unknown,unknown,3378.00,18.00,187.67,car
31,Middle-aged,female,2,own,little,unknown,9566.00,36.00,265.72,radio/TV
31,Middle-aged,male,2,own,moderate,moderate,1449.00,6.00,241.50,business
31,Middle-aged,male,2,own,little,moderate,1935.00,24.00,80.63,business
31,Middle-aged,male,3,rent,little,unknown,1963.00,12.00,163.58,radio/TV
31,Middle-aged,male,2,own,little,unknown,1360.00,15.00,90.67,radio/TV
31,Middle-aged,male,2,own,little,little,3104.00,18.00,172.44,business
31,Middle-aged,male,3,free,moderate,moderate,7582.00,48.00,157.96,vacation/others
31,Middle-aged,male,2,own,little,little,2746.00,36.00,76.28,furniture/equipment
31,Middle-aged,male,2,own,little,rich,4473.00,36.00,124.25,radio/TV
31,Middle-aged,male,1,own,little,moderate,1521.00,10.00,152.10,furniture/equipment
31,Middle-aged,female,2,own,little,little,1957.00,6.00,326.17,radio/TV
31,Middle-aged,male,3,own,little,unknown,2406.00,9.00,267.33,furniture/equipment
31,Middle-aged,female,3,own,quite rich,unknown,2782.00,21.00,132.48,car
31,Middle-aged,male,2,own,little,little,4817.00,24.00,200.71,car
31,Middle-aged,female,2,own,moderate,unknown,1532.00,15.00,102.13,education
31,Middle-aged,male,2,rent,little,little,2302.00,36.00,63.94,radio/TV
31,Middle-aged,male,2,own,unknown,little,6350.00,30.00,211.67,furniture/equipment
31,Middle-aged,male,1,own,little,moderate,1928.00,18.00,107.11,furniture/equipment
31,Middle-aged,female,2,own,little,little,6758.00,48.00,140.79,radio/TV
31,Middle-aged,male,2,own,little,unknown,2775.00,18.00,154.17,car
31,Middle-aged,male,2,own,moderate,unknown,5742.00,36.00,159.50,business
31,Middle-aged,male,1,own,moderate,moderate,9857.00,36.00,273.81,business
31,Middle-aged,male,2,own,rich,little,3651.00,12.00,304.25,car
31,Middle-aged,male,2,own,unknown,rich,3148.00,24.00,131.17,radio/TV
31,Middle-aged,male,2,own,moderate,moderate,6148.00,20.00,307.40,car
31,Middle-aged,male,2,own,little,unknown,1393.00,24.00,58.04,car
31,Middle-aged,male,1,own,little,little,3108.00,30.00,103.60,furniture/equipment
31,Middle-aged,female,2,rent,unknown,unknown,2901.00,10.00,290.10,car
31,Middle-aged,male,1,own,little,moderate,1410.00,12.00,117.50,education
31,Middle-aged,male,3,own,unknown,unknown,8947.00,36.00,248.53,car
31,Middle-aged,male,2,rent,little,little,3161.00,24.00,131.71,business
31,Middle-aged,male,1,own,little,unknown,1546.00,10.00,154.60,car
31,Middle-aged,male,2,own,unknown,unknown,929.00,24.00,38.71,furniture/equipment
31,Middle-aged,male,2,own,moderate,unknown,3621.00,24.00,150.88,radio/TV
31,Middle-aged,female,1,own,little,unknown,1736.00,12.00,144.67,furniture/equipment
32,Middle-aged,female,1,own,moderate,little,1282.00,24.00,53.42,radio/TV
32,Middle-aged,male,2,own,little,moderate,6078.00,12.00,506.50,car
32,Middle-aged,male,2,own,quite rich,unknown,2978.00,6.00,496.33,furniture/equipment
32,Middle-aged,male,2,own,unknown,unknown,2978.00,24.00,124.08,business
32,Middle-aged,male,1,own,little,unknown,1231.00,10.00,123.10,car
32,Middle-aged,male,2,own,unknown,unknown,2662.00,18.00,147.89,car
32,Middle-aged,male,2,own,little,unknown,2697.00,9.00,299.67,radio/TV
32,Middle-aged,female,2,own,little,unknown,4611.00,6.00,768.50,furniture/equipment
32,Middle-aged,male,2,own,rich,moderate,2745.00,21.00,130.71,furniture/equipment
32,Middle-aged,male,2,own,little,unknown,701.00,12.00,58.42,education
32,Middle-aged,male,2,own,little,little,1938.00,24.00,80.75,radio/TV
32,Middle-aged,male,2,free,rich,moderate,1136.00,9.00,126.22,education
32,Middle-aged,male,2,rent,moderate,moderate,11760.00,39.00,301.54,education
32,Middle-aged,male,2,own,little,unknown,4594.00,18.00,255.22,radio/TV
32,Middle-aged,male,2,own,unknown,unknown,7238.00,48.00,150.79,radio/TV
32,Middle-aged,male,1,own,little,moderate,1301.00,18.00,72.28,radio/TV
32,Middle-aged,male,3,free,little,unknown,4686.00,36.00,130.17,car
32,Middle-aged,male,2,own,little,moderate,2273.00,36.00,63.14,education
32,Middle-aged,male,2,own,little,unknown,1552.00,24.00,64.67,radio/TV
32,Middle-aged,female,1,own,moderate,moderate,931.00,6.00,155.17,car
32,Middle-aged,male,2,free,little,unknown,3863.00,24.00,160.96,business
32,Middle-aged,male,2,own,little,unknown,1530.00,18.00,85.00,car
32,Middle-aged,male,3,own,little,little,1880.00,18.00,104.44,radio/TV
32,Middle-aged,male,2,own,little,little,4583.00,30.00,152.77,furniture/equipment
32,Middle-aged,female,2,own,little,moderate,2528.00,27.00,93.63,business
32,Middle-aged,male,3,own,quite rich,unknown,629.00,18.00,34.94,radio/TV
32,Middle-aged,male,3,free,little,unknown,1505.00,18.00,83.61,radio/TV
32,Middle-aged,male,2,own,moderate,little,2325.00,24.00,96.88,car
32,Middle-aged,female,2,rent,unknown,little,1285.00,24.00,53.54,car
32,Middle-aged,male,2,rent,quite rich,unknown,3062.00,24.00,127.58,furniture/equipment
32,Middle-aged,male,1,free,little,little,1442.00,18.00,80.11,car
32,Middle-aged,male,1,own,rich,unknown,4526.00,27.00,167.63,furniture/equipment
32,Middle-aged,female,3,own,little,moderate,18424.00,48.00,383.83,vacation/others
32,Middle-aged,male,2,own,moderate,unknown,2848.00,10.00,284.80,car
33,Middle-aged,female,3,own,little,rich,1474.00,12.00,122.83,furniture/equipment
33,Middle-aged,female,1,own,unknown,unknown,797.00,12.00,66.42,radio/TV
33,Middle-aged,female,2,own,little,little,1131.00,18.00,62.83,furniture/equipment
33,Middle-aged,male,2,rent,little,little,950.00,15.00,63.33,car
33,Middle-aged,male,2,own,little,moderate,1414.00,8.00,176.75,radio/TV
33,Middle-aged,female,2,own,little,moderate,3244.00,18.00,180.22,furniture/equipment
33,Middle-aged,male,2,own,unknown,unknown,3074.00,9.00,341.56,radio/TV
33,Middle-aged,male,2,own,rich,unknown,1543.00,6.00,257.17,furniture/equipment
33,Middle-aged,male,1,own,moderate,little,727.00,12.00,60.58,radio/TV
33,Middle-aged,male,3,own,little,moderate,4439.00,18.00,246.61,business
33,Middle-aged,male,2,own,little,unknown,6070.00,18.00,337.22,radio/TV
33,Middle-aged,male,1,own,little,little,2579.00,12.00,214.92,car
33,Middle-aged,female,2,own,unknown,moderate,1042.00,18.00,57.89,car
33,Middle-aged,male,2,own,little,unknown,2058.00,24.00,85.75,repairs
33,Middle-aged,male,2,own,little,moderate,1245.00,18.00,69.17,radio/TV
33,Middle-aged,male,2,rent,little,rich,2319.00,21.00,110.43,education
33,Middle-aged,female,2,own,unknown,unknown,1927.00,24.00,80.29,education
33,Middle-aged,male,1,rent,little,moderate,2384.00,36.00,66.22,repairs
33,Middle-aged,male,2,own,little,unknown,2051.00,18.00,113.94,radio/TV
33,Middle-aged,male,2,own,little,unknown,1851.00,24.00,77.13,radio/TV
33,Middle-aged,male,2,own,little,unknown,5150.00,24.00,214.58,furniture/equipment
33,Middle-aged,male,2,own,little,unknown,1478.00,15.00,98.53,radio/TV
33,Middle-aged,male,2,own,little,moderate,6403.00,24.00,266.79,radio/TV
33,Middle-aged,male,2,own,little,unknown,3029.00,15.00,201.93,car
33,Middle-aged,female,2,rent,little,little,3966.00,18.00,220.33,car
33,Middle-aged,male,2,rent,little,little,2235.00,20.00,111.75,car
33,Middle-aged,male,2,own,moderate,unknown,1474.00,24.00,61.42,car
33,Middle-aged,female,1,rent,unknown,unknown,2186.00,15.00,145.73,furniture/equipment
33,Middle-aged,female,1,own,unknown,moderate,3195.00,9.00,355.00,car
33,Middle-aged,male,2,own,moderate,little,2359.00,24.00,98.29,furniture/equipment
33,Middle-aged,female,2,own,little,unknown,2831.00,30.00,94.37,radio/TV
33,Middle-aged,male,3,rent,little,unknown,4844.00,48.00,100.92,business
33,Middle-aged,male,2,own,little,rich,6289.00,42.00,149.74,business
34,Middle-aged,male,2,own,little,moderate,2415.00,7.00,345.00,radio/TV
34,Middle-aged,male,2,own,little,little,3965.00,42.00,94.40,radio/TV
34,Middle-aged,male,2,own,moderate,moderate,2622.00,18.00,145.67,business
34,Middle-aged,male,3,own,little,moderate,1860.00,12.00,155.00,car
34,Middle-aged,male,1,own,unknown,unknown,1898.00,6.00,316.33,radio/TV
34,Middle-aged,female,3,own,little,moderate,2064.00,24.00,86.00,furniture/equipment
34,Middle-aged,male,1,free,moderate,moderate,3844.00,48.00,80.08,business
34,Middle-aged,female,3,own,little,moderate,1501.00,9.00,166.78,education
34,Middle-aged,male,1,own,little,little,11998.00,30.00,399.93,repairs
34,Middle-aged,male,3,free,little,little,2910.00,24.00,121.25,car
34,Middle-aged,female,2,own,rich,unknown,1525.00,24.00,63.54,car
34,Middle-aged,male,1,own,moderate,unknown,1743.00,6.00,290.50,business
34,Middle-aged,male,2,own,little,unknown,2320.00,18.00,128.89,radio/TV
34,Middle-aged,male,3,own,moderate,unknown,1591.00,21.00,75.76,furniture/equipment
34,Middle-aged,female,2,own,little,little,1842.00,36.00,51.17,car
34,Middle-aged,male,2,own,little,unknown,2759.00,12.00,229.92,furniture/equipment
34,Middle-aged,female,3,rent,little,moderate,3017.00,12.00,251.42,furniture/equipment
34,Middle-aged,male,2,own,little,unknown,1950.00,18.00,108.33,business
34,Middle-aged,male,3,own,moderate,moderate,6850.00,15.00,456.67,car
34,Middle-aged,male,1,own,little,rich,2864.00,18.00,159.11,furniture/equipment
34,Middle-aged,male,2,own,little,little,6999.00,48.00,145.81,radio/TV
34,Middle-aged,male,2,own,rich,unknown,2578.00,24.00,107.42,radio/TV
34,Middle-aged,female,1,free,little,moderate,1837.00,24.00,76.54,education
34,Middle-aged,female,2,own,little,unknown,1493.00,12.00,124.42,radio/TV
34,Middle-aged,male,2,own,rich,moderate,3496.00,30.00,116.53,furniture/equipment
34,Middle-aged,male,2,free,unknown,unknown,6527.00,60.00,108.78,car
34,Middle-aged,male,3,own,little,rich,1337.00,9.00,148.56,radio/TV
34,Middle-aged,male,2,own,unknown,moderate,2825.00,24.00,117.71,business
34,Middle-aged,male,3,own,little,unknown,6614.00,36.00,183.72,car
34,Middle-aged,male,2,own,little,moderate,5800.00,36.00,161.11,car
34,Middle-aged,female,2,own,little,unknown,4454.00,36.00,123.72,radio/TV
34,Middle-aged,male,1,own,moderate,unknown,1569.00,15.00,104.60,radio/TV
35,Middle-aged,male,1,free,unknown,unknown,9055.00,36.00,251.53,education
35,Middle-aged,male,3,rent,little,moderate,6948.00,36.00,193.00,car
35,Middle-aged,female,3,own,little,unknown,1393.00,11.00,126.64,car
35,Middle-aged,male,2,rent,little,moderate,1919.00,9.00,213.22,furniture/equipment
35,Middle-aged,male,2,own,quite rich,moderate,1410.00,14.00,100.71,business
35,Middle-aged,male,2,own,quite rich,little,1680.00,12.00,140.00,radio/TV
35,Middle-aged,male,2,own,unknown,moderate,2728.00,15.00,181.87,radio/TV
35,Middle-aged,male,2,own,moderate,unknown,2141.00,12.00,178.42,radio/TV
35,Middle-aged,female,2,own,little,unknown,1291.00,12.00,107.58,radio/TV
35,Middle-aged,female,1,own,quite rich,unknown,3447.00,12.00,287.25,education
35,Middle-aged,male,2,rent,moderate,unknown,1204.00,6.00,200.67,car
35,Middle-aged,male,2,own,moderate,unknown,4151.00,24.00,172.96,furniture/equipment
35,Middle-aged,male,1,own,little,unknown,2684.00,24.00,111.83,radio/TV
35,Middle-aged,female,1,own,little,little,10722.00,47.00,228.13,car
35,Middle-aged,male,3,own,little,unknown,7253.00,33.00,219.79,car
35,Middle-aged,female,2,own,unknown,little,1381.00,24.00,57.54,car
35,Middle-aged,male,2,own,little,unknown,5842.00,36.00,162.28,car
35,Middle-aged,male,2,own,little,moderate,2576.00,7.00,368.00,radio/TV
35,Middle-aged,male,3,own,little,unknown,2670.00,24.00,111.25,car
35,Middle-aged,male,2,free,little,little,3386.00,12.00,282.17,car
35,Middle-aged,male,1,own,little,unknown,4679.00,24.00,194.96,car
35,Middle-aged,male,1,rent,moderate,unknown,1418.00,10.00,141.80,car
35,Middle-aged,male,2,free,unknown,unknown,8858.00,48.00,184.54,car
35,Middle-aged,male,2,own,unknown,unknown,1979.00,15.00,131.93,radio/TV
35,Middle-aged,male,2,own,little,unknown,2346.00,24.00,97.75,car
35,Middle-aged,male,3,own,little,moderate,1050.00,6.00,175.00,furniture/equipment
35,Middle-aged,male,2,own,moderate,unknown,2753.00,9.00,305.89,radio/TV
35,Middle-aged,female,2,free,quite rich,unknown,5324.00,15.00,354.93,car
35,Middle-aged,female,2,free,little,little,1198.00,6.00,199.67,education
35,Middle-aged,male,1,own,moderate,little,4380.00,18.00,243.33,car
35,Middle-aged,male,2,own,little,little,691.00,12.00,57.58,car
35,Middle-aged,male,1,own,rich,moderate,1941.00,18.00,107.83,business
35,Middle-aged,male,0,own,unknown,moderate,1549.00,9.00,172.11,car
35,Middle-aged,male,2,own,unknown,unknown,976.00,12.00,81.33,radio/TV
35,Middle-aged,male,3,own,little,unknown,3780.00,18.00,210.00,furniture/equipment
35,Middle-aged,male,2,own,unknown,moderate,3976.00,21.00,189.33,furniture/equipment
35,Middle-aged,male,2,free,little,unknown,1471.00,15.00,98.07,radio/TV
35,Middle-aged,female,2,own,little,little,2439.00,24.00,101.63,radio/TV
35,Middle-aged,female,2,own,rich,unknown,1592.00,12.00,132.67,furniture/equipment
35,Middle-aged,male,2,own,quite rich,unknown,2397.00,24.00,99.88,radio/TV
36,Middle-aged,male,1,own,little,little,1374.00,6.00,229.00,furniture/equipment
36,Middle-aged,male,2,own,rich,moderate,1913.00,18.00,106.28,business
36,Middle-aged,male,2,own,little,moderate,2337.00,36.00,64.92,radio/TV
36,Middle-aged,male,3,rent,unknown,moderate,7057.00,20.00,352.85,car
36,Middle-aged,male,3,own,quite rich,moderate,2366.00,12.00,197.17,car
36,Middle-aged,male,3,rent,moderate,moderate,6967.00,24.00,290.29,business
36,Middle-aged,male,2,own,moderate,unknown,2872.00,24.00,119.67,radio/TV
36,Middle-aged,male,2,own,quite rich,unknown,1262.00,15.00,84.13,domestic appliances
36,Middle-aged,male,2,own,quite rich,unknown,909.00,36.00,25.25,car
36,Middle-aged,male,2,own,little,moderate,884.00,18.00,49.11,car
36,Middle-aged,male,2,own,little,moderate,3915.00,27.00,145.00,business
36,Middle-aged,male,2,free,unknown,moderate,2760.00,24.00,115.00,car
36,Middle-aged,male,3,free,little,little,5302.00,18.00,294.56,car
36,Middle-aged,male,2,own,unknown,unknown,6304.00,36.00,175.11,business
36,Middle-aged,male,3,free,unknown,moderate,12169.00,48.00,253.52,car
36,Middle-aged,female,2,own,little,unknown,1028.00,18.00,57.11,car
36,Middle-aged,female,2,own,little,rich,2247.00,12.00,187.25,car
36,Middle-aged,male,2,own,little,unknown,1542.00,12.00,128.50,business
36,Middle-aged,male,2,own,unknown,unknown,3079.00,36.00,85.53,car
36,Middle-aged,male,2,free,unknown,unknown,846.00,7.00,120.86,radio/TV
36,Middle-aged,male,3,free,little,little,1872.00,6.00,312.00,furniture/equipment
36,Middle-aged,male,2,rent,little,little,3905.00,11.00,355.00,car
36,Middle-aged,male,2,own,little,little,1721.00,15.00,114.73,car
36,Middle-aged,male,3,own,unknown,unknown,1238.00,6.00,206.33,education
36,Middle-aged,male,2,own,quite rich,rich,2360.00,15.00,157.33,car
36,Middle-aged,male,2,free,unknown,unknown,700.00,6.00,116.67,radio/TV
36,Middle-aged,male,2,own,little,little,1372.00,12.00,114.33,car
36,Middle-aged,male,2,rent,little,little,2799.00,9.00,311.00,car
36,Middle-aged,female,1,own,rich,unknown,1572.00,21.00,74.86,business
36,Middle-aged,male,1,own,little,moderate,4241.00,24.00,176.71,business
36,Middle-aged,male,2,own,quite rich,unknown,4042.00,42.00,96.24,furniture/equipment
36,Middle-aged,male,2,own,rich,rich,1275.00,24.00,53.13,business
36,Middle-aged,male,3,own,little,unknown,3275.00,21.00,155.95,car
36,Middle-aged,male,2,own,little,unknown,4165.00,18.00,231.39,business
36,Middle-aged,male,3,free,little,little,1940.00,18.00,107.78,radio/TV
36,Middle-aged,male,2,own,unknown,unknown,6742.00,30.00,224.73,radio/TV
36,Middle-aged,male,2,own,unknown,moderate,2181.00,30.00,72.70,car
36,Middle-aged,male,3,own,little,unknown,1278.00,24.00,53.25,radio/TV
36,Middle-aged,male,2,rent,little,little,7297.00,60.00,121.62,business
37,Middle-aged,male,2,own,little,rich,2100.00,18.00,116.67,radio/TV
37,Middle-aged,male,2,own,little,rich,1225.00,10.00,122.50,domestic appliances
37,Middle-aged,male,2,free,little,unknown,1819.00,36.00,50.53,education
37,Middle-aged,male,2,own,little,moderate,802.00,15.00,53.47,radio/TV
37,Middle-aged,female,2,rent,quite rich,unknown,1402.00,12.00,116.83,furniture/equipment
37,Middle-aged,male,2,own,moderate,moderate,3878.00,24.00,161.58,car
37,Middle-aged,male,1,own,unknown,rich,1344.00,24.00,56.00,car
37,Middle-aged,male,1,own,little,rich,3949.00,10.00,394.90,car
37,Middle-aged,male,3,own,unknown,rich,3399.00,12.00,283.25,radio/TV
37,Middle-aged,female,2,rent,little,little,7685.00,48.00,160.10,business
37,Middle-aged,female,2,own,rich,unknown,1287.00,24.00,53.63,car
37,Middle-aged,male,2,own,little,little,3620.00,36.00,100.56,furniture/equipment
37,Middle-aged,female,2,own,little,little,609.00,6.00,101.50,car
37,Middle-aged,female,2,own,little,moderate,3612.00,18.00,200.67,furniture/equipment
37,Middle-aged,female,2,own,little,unknown,2022.00,24.00,84.25,car
37,Middle-aged,male,2,free,unknown,moderate,12389.00,36.00,344.14,car
37,Middle-aged,male,3,own,unknown,moderate,4712.00,24.00,196.33,business
37,Middle-aged,male,2,rent,little,little,3676.00,6.00,612.67,car
37,Middle-aged,male,1,own,little,moderate,1922.00,12.00,160.17,furniture/equipment
37,Middle-aged,male,2,own,unknown,unknown,10222.00,48.00,212.96,radio/TV
37,Middle-aged,male,2,free,unknown,unknown,2279.00,12.00,189.92,radio/TV
37,Middle-aged,male,1,own,little,moderate,2118.00,9.00,235.33,radio/TV
37,Middle-aged,female,2,own,little,unknown,3380.00,4.00,845.00,car
37,Middle-aged,female,1,own,little,little,1274.00,12.00,106.17,car
37,Middle-aged,male,2,own,little,unknown,3535.00,36.00,98.19,car
37,Middle-aged,male,2,own,unknown,unknown,7409.00,36.00,205.81,business
37,Middle-aged,male,3,own,quite rich,unknown,12749.00,48.00,265.60,radio/TV
37,Middle-aged,male,1,own,little,moderate,1154.00,9.00,128.22,radio/TV
37,Middle-aged,male,1,own,unknown,unknown,3565.00,12.00,297.08,education
38,Middle-aged,female,2,own,unknown,unknown,1240.00,12.00,103.33,radio/TV
38,Middle-aged,male,2,own,little,unknown,1924.00,10.00,192.40,radio/TV
38,Middle-aged,male,2,own,moderate,moderate,3512.00,24.00,146.33,car
38,Middle-aged,male,1,own,little,unknown,1495.00,12.00,124.58,car
38,Middle-aged,male,3,free,little,little,10623.00,30.00,354.10,car
38,Middle-aged,female,2,own,little,unknown,1533.00,24.00,63.88,radio/TV
38,Middle-aged,male,1,own,little,little,708.00,12.00,59.00,furniture/equipment
38,Middle-aged,male,3,own,unknown,unknown,3229.00,18.00,179.39,car
38,Middle-aged,female,3,free,little,moderate,12976.00,18.00,720.89,car
38,Middle-aged,male,2,own,unknown,moderate,754.00,12.00,62.83,education
38,Middle-aged,male,2,own,unknown,moderate,368.00,6.00,61.33,radio/TV
38,Middle-aged,male,2,own,moderate,moderate,1216.00,24.00,50.67,radio/TV
38,Middle-aged,male,2,own,little,unknown,5954.00,30.00,198.47,radio/TV
38,Middle-aged,male,2,own,unknown,unknown,3914.00,48.00,81.54,business
38,Middle-aged,male,1,own,little,moderate,1308.00,15.00,87.20,repairs
38,Middle-aged,male,2,free,little,rich,947.00,24.00,39.46,car
38,Middle-aged,female,0,own,little,unknown,926.00,12.00,77.17,car
38,Middle-aged,male,3,own,rich,unknown,5711.00,36.00,158.64,car
38,Middle-aged,male,2,own,unknown,unknown,2751.00,48.00,57.31,car
38,Middle-aged,male,2,free,unknown,moderate,6681.00,48.00,139.19,business
38,Middle-aged,male,3,own,little,unknown,7814.00,24.00,325.58,car
38,Middle-aged,male,1,own,little,little,2171.00,12.00,180.92,car
38,Middle-aged,male,3,own,unknown,unknown,2859.00,12.00,238.25,car
38,Middle-aged,male,2,own,little,unknown,804.00,12.00,67.00,radio/TV
39,Middle-aged,male,1,own,little,unknown,426.00,6.00,71.00,radio/TV
39,Middle-aged,male,2,own,quite rich,unknown,2299.00,36.00,63.86,radio/TV
39,Middle-aged,male,1,own,little,unknown,7228.00,11.00,657.09,car
39,Middle-aged,male,1,own,unknown,unknown,9436.00,54.00,174.74,car
39,Middle-aged,male,3,own,little,moderate,11938.00,24.00,497.42,vacation/others
39,Middle-aged,male,3,own,little,unknown,6458.00,18.00,358.78,car
39,Middle-aged,female,2,own,little,little,860.00,6.00,143.33,car
39,Middle-aged,female,1,own,unknown,moderate,932.00,6.00,155.33,education
39,Middle-aged,male,2,own,little,little,2522.00,30.00,84.07,radio/TV
39,Middle-aged,female,1,own,rich,little,666.00,6.00,111.00,car
39,Middle-aged,male,1,own,little,little,3398.00,8.00,424.75,car
39,Middle-aged,male,2,own,unknown,little,2212.00,20.00,110.60,furniture/equipment
39,Middle-aged,male,3,free,little,little,3249.00,36.00,90.25,car
39,Middle-aged,male,2,own,little,unknown,1473.00,18.00,81.83,radio/TV
39,Middle-aged,male,3,own,little,unknown,1884.00,12.00,157.00,car
39,Middle-aged,male,1,own,moderate,moderate,1037.00,12.00,86.42,business
39,Middle-aged,male,1,rent,little,little,2122.00,12.00,176.83,car
39,Middle-aged,male,2,free,unknown,rich,1271.00,15.00,84.73,radio/TV
39,Middle-aged,female,2,own,little,moderate,1188.00,21.00,56.57,business
39,Middle-aged,male,3,rent,little,little,3345.00,24.00,139.38,furniture/equipment
39,Middle-aged,male,2,free,little,little,10297.00,48.00,214.52,car
40,Middle-aged,male,3,own,unknown,little,1977.00,36.00,54.92,education
40,Middle-aged,male,1,own,little,little,701.00,12.00,58.42,radio/TV
40,Middle-aged,male,1,own,unknown,little,1647.00,21.00,78.43,car
40,Middle-aged,male,3,own,little,moderate,4297.00,18.00,238.72,furniture/equipment
40,Middle-aged,male,0,free,unknown,moderate,5381.00,48.00,112.10,vacation/others
40,Middle-aged,female,2,rent,little,moderate,3001.00,18.00,166.72,furniture/equipment
40,Middle-aged,male,3,own,little,moderate,7374.00,18.00,409.67,furniture/equipment
40,Middle-aged,male,1,rent,quite rich,unknown,1597.00,10.00,159.70,car
40,Middle-aged,male,2,own,little,unknown,1585.00,24.00,66.04,furniture/equipment
40,Middle-aged,male,1,own,little,little,1361.00,6.00,226.83,car
40,Middle-aged,male,3,own,unknown,little,1358.00,24.00,56.58,vacation/others
40,Middle-aged,male,3,own,moderate,unknown,4623.00,15.00,308.20,education
40,Middle-aged,male,1,rent,little,little,684.00,12.00,57.00,education
40,Middle-aged,male,3,rent,little,rich,1905.00,15.00,127.00,education
40,Middle-aged,male,2,own,unknown,unknown,3077.00,30.00,102.57,radio/TV
40,Middle-aged,male,1,own,little,moderate,1155.00,12.00,96.25,radio/TV
40,Middle-aged,male,2,own,quite rich,unknown,2675.00,22.00,121.59,radio/TV
40,Middle-aged,female,2,own,unknown,unknown,894.00,10.00,89.40,education
40,Middle-aged,female,2,own,quite rich,unknown,7678.00,36.00,213.28,furniture/equipment
40,Middle-aged,female,2,own,rich,moderate,1322.00,11.00,120.18,car
40,Middle-aged,male,2,rent,unknown,unknown,7824.00,28.00,279.43,car
40,Middle-aged,male,2,rent,unknown,unknown,1386.00,15.00,92.40,radio/TV
40,Middle-aged,male,0,own,little,moderate,3590.00,18.00,199.44,business
40,Middle-aged,male,1,own,little,little,3939.00,11.00,358.09,car
40,Middle-aged,male,3,own,little,little,3857.00,30.00,128.57,car
41,Middle-aged,female,1,own,little,moderate,5954.00,42.00,141.76,business
41,Middle-aged,male,1,rent,moderate,unknown,1469.00,24.00,61.21,car
41,Middle-aged,female,3,rent,little,unknown,3868.00,24.00,161.17,car
41,Middle-aged,male,1,own,little,unknown,719.00,12.00,59.92,education
41,Middle-aged,female,1,rent,unknown,unknown,1244.00,9.00,138.22,education
41,Middle-aged,male,1,own,little,little,662.00,6.00,110.33,car
41,Middle-aged,male,2,rent,little,unknown,1503.00,12.00,125.25,car
41,Middle-aged,male,2,own,unknown,moderate,3979.00,48.00,82.90,radio/TV
41,Middle-aged,male,2,own,little,rich,2116.00,6.00,352.67,furniture/equipment
41,Middle-aged,male,1,own,little,moderate,888.00,12.00,74.00,car
41,Middle-aged,male,2,own,little,moderate,6361.00,18.00,353.39,furniture/equipment
41,Middle-aged,male,1,own,quite rich,unknown,2580.00,21.00,122.86,business
41,Middle-aged,male,2,own,moderate,moderate,2503.00,30.00,83.43,business
41,Middle-aged,female,1,own,rich,unknown,250.00,6.00,41.67,car
41,Middle-aged,male,2,own,unknown,unknown,3160.00,21.00,150.48,radio/TV
41,Middle-aged,male,3,own,unknown,unknown,6313.00,24.00,263.04,car
41,Middle-aged,male,2,own,little,little,2712.00,36.00,75.33,furniture/equipment
42,Middle-aged,female,2,rent,rich,rich,409.00,12.00,34.08,radio/TV
42,Middle-aged,male,2,free,moderate,unknown,1346.00,6.00,224.33,radio/TV
42,Middle-aged,male,2,own,little,little,2577.00,12.00,214.75,furniture/equipment
42,Middle-aged,male,1,own,little,unknown,1544.00,4.00,386.00,radio/TV
42,Middle-aged,female,2,own,little,moderate,3804.00,36.00,105.67,radio/TV
42,Middle-aged,male,2,own,little,little,3446.00,36.00,95.72,furniture/equipment
42,Middle-aged,male,3,own,little,unknown,2292.00,12.00,191.00,business
42,Middle-aged,female,3,free,little,moderate,8318.00,27.00,308.07,business
42,Middle-aged,male,2,free,little,little,5493.00,36.00,152.58,car
42,Middle-aged,male,1,own,little,unknown,1503.00,4.00,375.75,radio/TV
42,Middle-aged,male,3,free,little,little,7763.00,48.00,161.73,car
42,Middle-aged,female,2,rent,unknown,moderate,1965.00,24.00,81.88,car
42,Middle-aged,male,3,own,moderate,moderate,8086.00,36.00,224.61,car
42,Middle-aged,male,3,own,little,unknown,10366.00,60.00,172.77,car
42,Middle-aged,female,2,own,unknown,moderate,5084.00,24.00,211.83,radio/TV
42,Middle-aged,male,2,own,little,unknown,3331.00,12.00,277.58,furniture/equipment
42,Middle-aged,male,2,own,little,little,4153.00,18.00,230.72,furniture/equipment
42,Middle-aged,male,2,free,unknown,unknown,10477.00,36.00,291.03,car
42,Middle-aged,male,2,own,quite rich,unknown,522.00,12.00,43.50,radio/TV
42,Middle-aged,male,2,free,little,moderate,6288.00,60.00,104.80,education
42,Middle-aged,male,1,own,little,unknown,1455.00,4.00,363.75,car
42,Middle-aged,male,2,own,unknown,moderate,2427.00,18.00,134.83,business
43,Middle-aged,male,2,own,little,unknown,1935.00,12.00,161.25,furniture/equipment
43,Middle-aged,male,2,own,little,unknown,2515.00,18.00,139.72,furniture/equipment
43,Middle-aged,female,1,own,little,unknown,1459.00,15.00,97.27,radio/TV
43,Middle-aged,female,1,own,rich,unknown,1516.00,24.00,63.17,radio/TV
43,Middle-aged,male,2,own,unknown,moderate,2899.00,18.00,161.06,car
43,Middle-aged,male,2,own,unknown,unknown,2197.00,24.00,91.54,car
43,Middle-aged,male,2,own,moderate,little,1203.00,6.00,200.50,car
43,Middle-aged,male,2,free,little,little,1333.00,24.00,55.54,car
43,Middle-aged,male,2,rent,little,little,4843.00,12.00,403.58,car
43,Middle-aged,male,3,own,little,little,15857.00,36.00,440.47,vacation/others
43,Middle-aged,male,2,own,unknown,unknown,4042.00,24.00,168.42,car
43,Middle-aged,male,2,own,little,moderate,4057.00,24.00,169.04,furniture/equipment
43,Middle-aged,male,3,own,little,little,2442.00,27.00,90.44,business
43,Middle-aged,male,2,rent,little,little,2625.00,16.00,164.06,car
43,Middle-aged,male,1,own,little,little,1344.00,12.00,112.00,car
43,Middle-aged,male,1,own,little,unknown,1533.00,18.00,85.17,furniture/equipment
43,Middle-aged,male,1,own,little,unknown,7393.00,24.00,308.04,car
44,Middle-aged,female,3,free,little,moderate,12579.00,24.00,524.13,car
44,Middle-aged,male,2,rent,quite rich,little,2647.00,6.00,441.17,radio/TV
44,Middle-aged,male,2,own,moderate,moderate,1804.00,12.00,150.33,car
44,Middle-aged,male,1,own,little,moderate,6204.00,18.00,344.67,repairs
44,Middle-aged,female,2,own,unknown,unknown,5943.00,24.00,247.63,radio/TV
44,Middle-aged,female,1,rent,little,rich,1881.00,12.00,156.75,radio/TV
44,Middle-aged,female,3,free,little,little,6419.00,24.00,267.46,car
44,Middle-aged,male,2,free,quite rich,unknown,10127.00,48.00,210.98,car
44,Middle-aged,male,3,rent,little,little,3384.00,6.00,564.00,furniture/equipment
44,Middle-aged,male,2,own,little,little,1478.00,15.00,98.53,furniture/equipment
44,Middle-aged,male,2,own,quite rich,unknown,1163.00,12.00,96.92,car
44,Middle-aged,male,2,free,little,unknown,5507.00,24.00,229.46,repairs
44,Middle-aged,male,2,own,little,little,1553.00,18.00,86.28,furniture/equipment
44,Middle-aged,male,1,own,unknown,little,4716.00,6.00,786.00,car
44,Middle-aged,female,1,own,little,moderate,760.00,8.00,95.00,radio/TV
44,Middle-aged,male,2,own,quite rich,unknown,2375.00,24.00,98.96,business
44,Middle-aged,male,2,own,unknown,unknown,3485.00,20.00,174.25,car
45,Middle-aged,male,2,free,little,little,7882.00,42.00,187.67,furniture/equipment
45,Middle-aged,male,1,own,little,little,339.00,12.00,28.25,education
45,Middle-aged,female,1,own,unknown,unknown,3835.00,36.00,106.53,radio/TV
45,Middle-aged,male,3,own,little,little,8978.00,14.00,641.29,car
45,Middle-aged,male,1,own,unknown,unknown,1287.00,10.00,128.70,car
45,Middle-aged,male,3,own,moderate,unknown,8588.00,39.00,220.21,car
45,Middle-aged,female,1,own,little,rich,3049.00,18.00,169.39,furniture/equipment
45,Middle-aged,male,1,own,quite rich,unknown,1750.00,6.00,291.67,radio/TV
45,Middle-aged,female,2,own,little,moderate,2329.00,7.00,332.71,radio/TV
45,Middle-aged,male,2,free,unknown,unknown,1300.00,15.00,86.67,car
45,Middle-aged,male,2,own,little,little,2303.00,24.00,95.96,car
45,Middle-aged,male,3,own,little,unknown,6761.00,6.00,1126.83,car
45,Middle-aged,male,2,own,little,unknown,10875.00,36.00,302.08,car
45,Middle-aged,male,3,own,unknown,unknown,3527.00,12.00,293.92,car
45,Middle-aged,male,1,own,little,little,4006.00,28.00,143.07,car
46,Middle-aged,male,1,rent,unknown,unknown,730.00,7.00,104.29,radio/TV
46,Middle-aged,male,2,own,rich,unknown,1582.00,18.00,87.89,radio/TV
46,Middle-aged,female,1,own,little,rich,2251.00,12.00,187.58,furniture/equipment
46,Middle-aged,male,3,own,unknown,unknown,7629.00,48.00,158.94,business
46,Middle-aged,male,2,free,quite rich,unknown,727.00,10.00,72.70,education
46,Middle-aged,male,2,own,little,little,2348.00,36.00,65.22,furniture/equipment
46,Middle-aged,male,2,rent,little,moderate,1223.00,12.00,101.92,car
46,Middle-aged,male,2,own,rich,unknown,1149.00,18.00,63.83,radio/TV
46,Middle-aged,male,2,free,little,little,6331.00,48.00,131.90,car
46,Middle-aged,male,3,own,unknown,unknown,2476.00,21.00,117.90,car
46,Middle-aged,male,2,free,little,little,3931.00,48.00,81.90,car
46,Middle-aged,male,2,own,little,unknown,2611.00,24.00,108.79,radio/TV
46,Middle-aged,male,2,own,little,rich,1343.00,6.00,223.83,car
46,Middle-aged,male,2,own,little,unknown,1829.00,15.00,121.93,radio/TV
46,Middle-aged,female,1,own,little,unknown,3594.00,15.00,239.60,car
46,Middle-aged,male,2,own,little,little,697.00,12.00,58.08,car
46,Middle-aged,male,3,own,unknown,unknown,6842.00,24.00,285.08,car
46,Middle-aged,female,2,rent,little,little,1845.00,15.00,123.00,furniture/equipment
47,Middle-aged,male,2,own,quite rich,unknown,1213.00,15.00,80.87,radio/TV
47,Middle-aged,male,2,free,moderate,moderate,12612.00,36.00,350.33,education
47,Middle-aged,male,2,own,unknown,unknown,3578.00,48.00,74.54,radio/TV
47,Middle-aged,male,2,free,little,unknown,1984.00,18.00,110.22,furniture/equipment
47,Middle-aged,male,1,own,little,moderate,958.00,12.00,79.83,car
47,Middle-aged,male,3,own,little,moderate,1209.00,6.00,201.50,car
47,Middle-aged,male,1,own,little,little,1217.00,18.00,67.61,domestic appliances
47,Middle-aged,male,2,own,little,unknown,1393.00,12.00,116.08,education
47,Middle-aged,male,2,own,little,rich,3017.00,30.00,100.57,radio/TV
47,Middle-aged,male,2,free,little,unknown,5103.00,24.00,212.63,radio/TV
47,Middle-aged,female,2,free,moderate,rich,1377.00,24.00,57.38,radio/TV
47,Middle-aged,male,1,own,quite rich,unknown,1316.00,15.00,87.73,radio/TV
47,Middle-aged,male,1,own,little,little,731.00,8.00,91.38,car
47,Middle-aged,male,2,free,unknown,little,8335.00,36.00,231.53,car
47,Middle-aged,male,2,own,little,unknown,3422.00,18.00,190.11,furniture/equipment
47,Middle-aged,male,2,own,little,moderate,2353.00,21.00,112.05,car
47,Middle-aged,male,1,own,little,unknown,2538.00,24.00,105.75,car
48,Middle-aged,male,2,own,little,unknown,2134.00,9.00,237.11,car
48,Middle-aged,male,1,rent,little,little,2241.00,10.00,224.10,car
48,Middle-aged,male,2,own,unknown,unknown,5190.00,27.00,192.22,repairs
48,Middle-aged,male,2,own,moderate,little,1288.00,9.00,143.11,repairs
48,Middle-aged,male,2,own,little,little,1024.00,24.00,42.67,radio/TV
48,Middle-aged,female,1,own,unknown,moderate,4351.00,24.00,181.29,furniture/equipment
48,Middle-aged,female,1,free,moderate,rich,1240.00,10.00,124.00,car
48,Middle-aged,male,3,own,unknown,moderate,12204.00,48.00,254.25,business
48,Middle-aged,female,1,rent,little,moderate,1795.00,18.00,99.72,radio/TV
48,Middle-aged,male,2,own,little,little,1082.00,12.00,90.17,car
48,Middle-aged,male,2,free,unknown,unknown,9277.00,24.00,386.54,car
48,Middle-aged,male,1,own,little,moderate,1743.00,24.00,72.63,radio/TV
49,Middle-aged,male,1,own,little,unknown,2096.00,12.00,174.67,education
49,Middle-aged,male,1,own,unknown,little,1262.00,12.00,105.17,furniture/equipment
49,Middle-aged,male,1,own,unknown,rich,1445.00,18.00,80.28,radio/TV
49,Middle-aged,female,2,own,little,moderate,1092.00,12.00,91.00,radio/TV
49,Middle-aged,male,2,own,little,little,1038.00,10.00,103.80,car
49,Middle-aged,male,2,rent,unknown,unknown,5801.00,12.00,483.42,furniture/equipment
49,Middle-aged,male,2,own,unknown,unknown,2331.00,12.00,194.25,radio/TV
49,Middle-aged,male,2,own,moderate,rich,1126.00,9.00,125.11,radio/TV
49,Middle-aged,male,2,free,unknown,little,2964.00,24.00,123.50,car
49,Middle-aged,male,1,own,little,moderate,3124.00,12.00,260.33,car
49,Middle-aged,male,1,own,little,unknown,640.00,12.00,53.33,car
49,Middle-aged,female,2,own,little,little,428.00,6.00,71.33,furniture/equipment
49,Middle-aged,male,1,own,unknown,rich,3656.00,30.00,121.87,radio/TV
49,Middle-aged,male,2,own,little,moderate,8386.00,30.00,279.53,furniture/equipment
50,Middle-aged,male,2,own,unknown,moderate,1537.00,15.00,102.47,radio/TV
50,Middle-aged,male,2,own,rich,unknown,3777.00,24.00,157.38,furniture/equipment
50,Middle-aged,male,2,own,little,little,5293.00,27.00,196.04,business
50,Middle-aged,male,2,own,little,unknown,1574.00,12.00,131.17,furniture/equipment
50,Middle-aged,female,2,free,moderate,moderate,2671.00,36.00,74.19,radio/TV
50,Middle-aged,male,3,free,little,little,7476.00,48.00,155.75,education
50,Middle-aged,male,2,own,little,unknown,2241.00,21.00,106.71,furniture/equipment
50,Middle-aged,female,1,own,little,rich,1047.00,6.00,174.50,education
50,Middle-aged,male,2,rent,quite rich,unknown,1236.00,6.00,206.00,car
50,Middle-aged,male,2,free,little,moderate,6224.00,48.00,129.67,education
50,Middle-aged,male,2,own,little,unknown,1559.00,24.00,64.96,business
50,Middle-aged,male,2,own,unknown,unknown,2390.00,12.00,199.17,car
51,Middle-aged,male,3,free,little,little,1164.00,8.00,145.50,vacation/others
51,Middle-aged,male,2,own,little,moderate,4771.00,11.00,433.73,radio/TV
51,Middle-aged,female,2,own,moderate,unknown,682.00,12.00,56.83,car
51,Middle-aged,male,2,own,unknown,unknown,3342.00,36.00,92.83,radio/TV
51,Middle-aged,male,1,free,quite rich,unknown,2507.00,9.00,278.56,car
51,Middle-aged,male,2,own,little,unknown,1595.00,6.00,265.83,radio/TV
51,Middle-aged,male,2,free,little,rich,2892.00,24.00,120.50,furniture/equipment
51,Middle-aged,male,2,free,unknown,little,7511.00,18.00,417.28,car
52,Middle-aged,male,3,own,unknown,moderate,6468.00,12.00,539.00,radio/TV
52,Middle-aged,male,1,own,little,little,2315.00,10.00,231.50,radio/TV
52,Middle-aged,male,2,own,quite rich,little,338.00,6.00,56.33,radio/TV
52,Middle-aged,male,2,own,quite rich,unknown,936.00,9.00,104.00,education
52,Middle-aged,male,2,own,little,unknown,717.00,12.00,59.75,radio/TV
52,Middle-aged,female,1,own,moderate,unknown,362.00,6.00,60.33,car
52,Middle-aged,male,2,own,little,unknown,3077.00,12.00,256.42,radio/TV
52,Middle-aged,female,3,free,unknown,unknown,2133.00,12.00,177.75,car
52,Middle-aged,male,2,own,moderate,unknown,2223.00,24.00,92.63,radio/TV
53,Middle-aged,male,2,free,little,little,4870.00,24.00,202.92,car
53,Middle-aged,male,2,own,quite rich,unknown,2835.00,24.00,118.13,furniture/equipment
53,Middle-aged,male,2,own,unknown,unknown,2424.00,24.00,101.00,radio/TV
53,Middle-aged,female,3,own,unknown,unknown,7485.00,30.00,249.50,car
53,Middle-aged,male,3,free,little,little,7865.00,12.00,655.42,furniture/equipment
53,Middle-aged,male,2,free,little,little,7119.00,48.00,148.31,furniture/equipment
53,Middle-aged,female,2,own,little,little,795.00,12.00,66.25,education
54,Middle-aged,male,2,own,little,little,1409.00,12.00,117.42,car
54,Middle-aged,male,2,own,rich,moderate,1318.00,12.00,109.83,car
54,Middle-aged,male,3,own,rich,unknown,4591.00,24.00,191.29,business
54,Middle-aged,female,0,own,little,unknown,672.00,6.00,112.00,car
54,Middle-aged,male,2,own,unknown,unknown,2255.00,24.00,93.96,car
54,Middle-aged,male,2,own,unknown,unknown,717.00,24.00,29.88,car
54,Middle-aged,male,2,free,little,unknown,1597.00,24.00,66.54,education
54,Middle-aged,male,2,own,little,little,3051.00,48.00,63.56,domestic appliances
54,Middle-aged,female,2,rent,little,moderate,7432.00,36.00,206.44,car
54,Middle-aged,female,3,rent,little,unknown,3568.00,15.00,237.87,radio/TV
55,Middle-aged,male,2,own,rich,unknown,1413.00,12.00,117.75,car
55,Middle-aged,female,2,own,little,little,1603.00,24.00,66.79,radio/TV
55,Middle-aged,female,3,free,little,little,2578.00,12.00,214.83,furniture/equipment
55,Middle-aged,female,0,free,little,little,1190.00,18.00,66.11,repairs
55,Middle-aged,female,3,own,unknown,rich,1424.00,12.00,118.67,furniture/equipment
55,Middle-aged,male,2,free,rich,unknown,1555.00,12.00,129.58,repairs
55,Middle-aged,male,3,free,little,moderate,9283.00,42.00,221.02,car
55,Middle-aged,male,2,own,little,little,6872.00,24.00,286.33,furniture/equipment
56,Middle-aged,male,2,own,little,unknown,618.00,12.00,51.50,radio/TV
56,Middle-aged,male,2,free,little,rich,4796.00,42.00,114.19,car
56,Middle-aged,female,2,own,little,unknown,1538.00,6.00,256.33,education
57,Middle-aged,male,1,rent,unknown,unknown,1264.00,12.00,105.33,business
57,Middle-aged,male,2,free,little,moderate,2225.00,36.00,61.81,car
57,Middle-aged,female,1,own,moderate,unknown,1154.00,11.00,104.91,radio/TV
57,Middle-aged,female,1,free,little,unknown,2748.00,12.00,229.00,education
57,Middle-aged,male,3,free,little,moderate,14318.00,36.00,397.72,car
57,Middle-aged,female,2,rent,rich,little,3622.00,30.00,120.73,furniture/equipment
57,Middle-aged,male,1,own,little,little,709.00,12.00,59.08,radio/TV
57,Middle-aged,female,3,rent,rich,little,1231.00,24.00,51.29,radio/TV
57,Middle-aged,female,1,own,quite rich,rich,1258.00,24.00,52.42,radio/TV
58,Middle-aged,female,1,free,little,little,6143.00,48.00,127.98,car
58,Middle-aged,female,1,own,little,little,1755.00,24.00,73.13,vacation/others
58,Middle-aged,male,2,rent,little,moderate,15945.00,54.00,295.28,business
58,Middle-aged,female,1,own,little,little,385.00,12.00,32.08,radio/TV
58,Middle-aged,male,2,own,unknown,unknown,1867.00,30.00,62.23,radio/TV
59,Middle-aged,female,2,rent,little,moderate,6416.00,48.00,133.67,business
59,Middle-aged,female,2,own,unknown,unknown,5045.00,15.00,336.33,car
59,Middle-aged,male,2,own,little,little,1364.00,9.00,151.56,radio/TV
60,Middle-aged,male,1,own,little,little,1199.00,24.00,49.96,car
60,Middle-aged,female,3,free,moderate,moderate,14782.00,60.00,246.37,vacation/others
60,Middle-aged,male,2,free,little,unknown,2032.00,24.00,84.67,car
60,Middle-aged,male,2,own,little,little,2246.00,12.00,187.17,furniture/equipment
60,Middle-aged,male,2,own,rich,unknown,1940.00,24.00,80.83,car
60,Middle-aged,male,3,own,unknown,moderate,6468.00,20.00,323.40,car
61,Senior,male,1,own,rich,unknown,3059.00,12.00,254.92,radio/TV
61,Senior,male,3,free,little,moderate,1953.00,36.00,54.25,business
61,Senior,female,2,own,unknown,unknown,2012.00,12.00,167.67,education
61,Senior,male,1,rent,moderate,moderate,2767.00,21.00,131.76,business
61,Senior,male,2,free,unknown,moderate,1239.00,18.00,68.83,education
61,Senior,male,2,own,rich,moderate,1512.00,15.00,100.80,repairs
61,Senior,male,1,own,little,unknown,1255.00,12.00,104.58,car
62,Senior,female,2,free,little,unknown,3757.00,24.00,156.54,car
62,Senior,male,2,own,quite rich,unknown,1338.00,6.00,223.00,domestic appliances
63,Senior,male,2,own,little,little,6836.00,60.00,113.93,business
63,Senior,male,2,free,little,rich,781.00,10.00,78.10,car
63,Senior,male,2,own,unknown,unknown,1520.00,15.00,101.33,furniture/equipment
63,Senior,male,3,free,unknown,unknown,13756.00,60.00,229.27,car
63,Senior,male,2,own,little,little,2924.00,24.00,121.83,car
63,Senior,male,2,own,unknown,unknown,7596.00,30.00,253.20,car
63,Senior,male,1,own,little,unknown,1655.00,12.00,137.92,radio/TV
63,Senior,male,2,own,little,little,2957.00,24.00,123.21,car
64,Senior,female,2,own,little,unknown,1364.00,10.00,136.40,car
64,Senior,male,1,own,unknown,unknown,3832.00,9.00,425.78,education
64,Senior,male,1,rent,little,little,2384.00,24.00,99.33,radio/TV
64,Senior,female,2,own,little,moderate,753.00,6.00,125.50,radio/TV
64,Senior,female,2,own,moderate,unknown,1409.00,13.00,108.38,radio/TV
65,Senior,male,2,own,little,little,571.00,21.00,27.19,car
65,Senior,male,0,own,little,little,3394.00,42.00,80.81,repairs
65,Senior,male,2,free,little,little,2600.00,18.00,144.44,radio/TV
65,Senior,male,2,own,unknown,unknown,930.00,12.00,77.50,radio/TV
65,Senior,female,0,own,little,unknown,1098.00,18.00,61.00,radio/TV
66,Senior,male,3,free,little,little,1526.00,12.00,127.17,car
66,Senior,male,1,own,quite rich,moderate,766.00,12.00,63.83,radio/TV
66,Senior,male,3,own,little,rich,1908.00,30.00,63.60,business
66,Senior,female,1,own,quite rich,moderate,790.00,9.00,87.78,radio/TV
66,Senior,male,0,free,quite rich,rich,1480.00,12.00,123.33,car
67,Senior,male,2,own,unknown,little,1169.00,6.00,194.83,radio/TV
67,Senior,female,3,own,little,moderate,1199.00,9.00,133.22,education
67,Senior,female,2,own,little,moderate,3872.00,18.00,215.11,repairs
68,Senior,male,0,free,little,moderate,1175.00,16.00,73.44,car
68,Senior,male,2,rent,unknown,unknown,6761.00,18.00,375.61,car
68,Senior,male,3,own,little,little,14896.00,6.00,2482.67,car
70,Senior,male,3,free,little,moderate,7308.00,10.00,730.80,car
74,Senior,female,3,free,little,moderate,5129.00,9.00,569.89,car
74,Senior,male,1,own,little,unknown,3448.00,5.00,689.60,business
74,Senior,male,3,own,little,unknown,4526.00,24.00,188.58,business
74,Senior,male,0,own,little,rich,1299.00,6.00,216.50,car
75,Senior,male,3,free,little,little,6615.00,24.00,275.63,car
75,Senior,female,3,own,unknown,little,1374.00,6.00,229.00,car
,,,,,,,,,,
